-- Users
INSERT INTO User (UserID, username, firstName, lastName, email, creativeField, userType) VALUES (1, 'user1', 'Ashley', 'Lee', 'user1@example.com', 'Production', 'analyst');
INSERT INTO User (UserID, username, firstName, lastName, email, creativeField, userType) VALUES (2, 'user2', 'Jessica', 'Garcia', 'user2@example.com', 'Sound Design', 'creator');
INSERT INTO User (UserID, username, firstName, lastName, email, creativeField, userType) VALUES (3, 'user3', 'Arthur', 'Weeks', 'user3@example.com', 'Photography', 'analyst');
INSERT INTO User (UserID, username, firstName, lastName, email, creativeField, userType) VALUES (4, 'user4', 'Tracey', 'Davis', 'user4@example.com', 'Production', 'admin');
INSERT INTO User (UserID, username, firstName, lastName, email, creativeField, userType) VALUES (5, 'user5', 'David', 'Flores', 'user5@example.com', 'Photography', 'analyst');
INSERT INTO User (UserID, username, firstName, lastName, email, creativeField, userType) VALUES (6, 'user6', 'Brandi', 'Garcia', 'user6@example.com', 'Animation', 'brand');
INSERT INTO User (UserID, username, firstName, lastName, email, creativeField, userType) VALUES (7, 'user7', 'Margaret', 'Valdez', 'user7@example.com', 'Photography', 'creator');
INSERT INTO User (UserID, username, firstName, lastName, email, creativeField, userType) VALUES (8, 'user8', 'Kyle', 'Ward', 'user8@example.com', 'Animation', 'creator');
INSERT INTO User (UserID, username, firstName, lastName, email, creativeField, userType) VALUES (9, 'user9', 'Craig', 'Villa', 'user9@example.com', 'Acting', 'brand');
INSERT INTO User (UserID, username, firstName, lastName, email, creativeField, userType) VALUES (10, 'user10', 'Mark', 'Hampton', 'user10@example.com', 'Cinematography', 'admin');
INSERT INTO User (UserID, username, firstName, lastName, email, creativeField, userType) VALUES (11, 'user11', 'Shawn', 'Spears', 'user11@example.com', 'Cinematography', 'brand');
INSERT INTO User (UserID, username, firstName, lastName, email, creativeField, userType) VALUES (12, 'user12', 'Joshua', 'Young', 'user12@example.com', 'Cinematography', 'analyst');
INSERT INTO User (UserID, username, firstName, lastName, email, creativeField, userType) VALUES (13, 'user13', 'Angela', 'Haley', 'user13@example.com', 'Photography', 'admin');
INSERT INTO User (UserID, username, firstName, lastName, email, creativeField, userType) VALUES (14, 'user14', 'Michelle', 'Lee', 'user14@example.com', 'Production', 'creator');
INSERT INTO User (UserID, username, firstName, lastName, email, creativeField, userType) VALUES (15, 'user15', 'Michael', 'Hoffman', 'user15@example.com', 'Acting', 'admin');
INSERT INTO User (UserID, username, firstName, lastName, email, creativeField, userType) VALUES (16, 'user16', 'Karl', 'Moore', 'user16@example.com', 'Acting', 'admin');
INSERT INTO User (UserID, username, firstName, lastName, email, creativeField, userType) VALUES (17, 'user17', 'Michelle', 'Brown', 'user17@example.com', 'Editing', 'admin');
INSERT INTO User (UserID, username, firstName, lastName, email, creativeField, userType) VALUES (18, 'user18', 'James', 'Campbell', 'user18@example.com', 'Production', 'brand');
INSERT INTO User (UserID, username, firstName, lastName, email, creativeField, userType) VALUES (19, 'user19', 'Jacob', 'Mccormick', 'user19@example.com', 'Animation', 'analyst');
INSERT INTO User (UserID, username, firstName, lastName, email, creativeField, userType) VALUES (20, 'user20', 'Joshua', 'Richardson', 'user20@example.com', 'Animation', 'creator');
INSERT INTO User (UserID, username, firstName, lastName, email, creativeField, userType) VALUES (21, 'user21', 'Thomas', 'Wheeler', 'user21@example.com', 'Cinematography', 'analyst');
INSERT INTO User (UserID, username, firstName, lastName, email, creativeField, userType) VALUES (22, 'user22', 'Andrew', 'Butler', 'user22@example.com', 'Photography', 'analyst');
INSERT INTO User (UserID, username, firstName, lastName, email, creativeField, userType) VALUES (23, 'user23', 'Ronald', 'Gardner', 'user23@example.com', 'Production', 'brand');
INSERT INTO User (UserID, username, firstName, lastName, email, creativeField, userType) VALUES (24, 'user24', 'Tiffany', 'Barrett', 'user24@example.com', 'Animation', 'brand');
INSERT INTO User (UserID, username, firstName, lastName, email, creativeField, userType) VALUES (25, 'user25', 'Roberta', 'Moore', 'user25@example.com', 'Cinematography', 'analyst');
INSERT INTO User (UserID, username, firstName, lastName, email, creativeField, userType) VALUES (26, 'user26', 'Wesley', 'Price', 'user26@example.com', 'Sound Design', 'admin');
INSERT INTO User (UserID, username, firstName, lastName, email, creativeField, userType) VALUES (27, 'user27', 'Jacob', 'Spears', 'user27@example.com', 'Photography', 'creator');
INSERT INTO User (UserID, username, firstName, lastName, email, creativeField, userType) VALUES (28, 'user28', 'Sergio', 'Meyer', 'user28@example.com', 'Sound Design', 'brand');
INSERT INTO User (UserID, username, firstName, lastName, email, creativeField, userType) VALUES (29, 'user29', 'Richard', 'Clements', 'user29@example.com', 'Cinematography', 'creator');
INSERT INTO User (UserID, username, firstName, lastName, email, creativeField, userType) VALUES (30, 'user30', 'Taylor', 'Soto', 'user30@example.com', 'Acting', 'creator');
INSERT INTO User (UserID, username, firstName, lastName, email, creativeField, userType) VALUES (31, 'user31', 'Courtney', 'Ferguson', 'user31@example.com', 'Animation', 'creator');
INSERT INTO User (UserID, username, firstName, lastName, email, creativeField, userType) VALUES (32, 'user32', 'Briana', 'Chavez', 'user32@example.com', 'Photography', 'brand');
INSERT INTO User (UserID, username, firstName, lastName, email, creativeField, userType) VALUES (33, 'user33', 'Cynthia', 'Hernandez', 'user33@example.com', 'Editing', 'analyst');
INSERT INTO User (UserID, username, firstName, lastName, email, creativeField, userType) VALUES (34, 'user34', 'Johnny', 'Lopez', 'user34@example.com', 'Photography', 'brand');
INSERT INTO User (UserID, username, firstName, lastName, email, creativeField, userType) VALUES (35, 'user35', 'Tony', 'Macias', 'user35@example.com', 'Production', 'analyst');
INSERT INTO User (UserID, username, firstName, lastName, email, creativeField, userType) VALUES (36, 'user36', 'Melissa', 'Matthews', 'user36@example.com', 'Cinematography', 'creator');
INSERT INTO User (UserID, username, firstName, lastName, email, creativeField, userType) VALUES (37, 'user37', 'Steven', 'Dominguez', 'user37@example.com', 'Editing', 'creator');
INSERT INTO User (UserID, username, firstName, lastName, email, creativeField, userType) VALUES (38, 'user38', 'Debra', 'Brewer', 'user38@example.com', 'Animation', 'analyst');
INSERT INTO User (UserID, username, firstName, lastName, email, creativeField, userType) VALUES (39, 'user39', 'Stacy', 'Krause', 'user39@example.com', 'Production', 'admin');
INSERT INTO User (UserID, username, firstName, lastName, email, creativeField, userType) VALUES (40, 'user40', 'Frank', 'Webster', 'user40@example.com', 'Editing', 'brand');

-- Analysts
INSERT INTO Analyst (analystID, firstName, lastName) VALUES (1, 'Andrea', 'Wells');
INSERT INTO Analyst (analystID, firstName, lastName) VALUES (2, 'Billy', 'Sanders');
INSERT INTO Analyst (analystID, firstName, lastName) VALUES (3, 'Timothy', 'Donaldson');
INSERT INTO Analyst (analystID, firstName, lastName) VALUES (4, 'Jerry', 'Davis');
INSERT INTO Analyst (analystID, firstName, lastName) VALUES (5, 'Michael', 'Costa');

-- StyleTag
INSERT INTO StyleTag (styleID, styleName) VALUES (1, 'Warm Vintage 1');
INSERT INTO StyleTag (styleID, styleName) VALUES (2, 'Studio Portrait 2');
INSERT INTO StyleTag (styleID, styleName) VALUES (3, 'Neon Noir 3');
INSERT INTO StyleTag (styleID, styleName) VALUES (4, 'Studio Portrait 4');
INSERT INTO StyleTag (styleID, styleName) VALUES (5, 'Studio Portrait 5');
INSERT INTO StyleTag (styleID, styleName) VALUES (6, 'Neon Noir 6');
INSERT INTO StyleTag (styleID, styleName) VALUES (7, 'Studio Portrait 7');
INSERT INTO StyleTag (styleID, styleName) VALUES (8, 'Moody Cinematic 8');
INSERT INTO StyleTag (styleID, styleName) VALUES (9, 'Studio Portrait 9');
INSERT INTO StyleTag (styleID, styleName) VALUES (10, 'Warm Vintage 10');
INSERT INTO StyleTag (styleID, styleName) VALUES (11, 'High Contrast 11');
INSERT INTO StyleTag (styleID, styleName) VALUES (12, 'Dreamy Pastel 12');
INSERT INTO StyleTag (styleID, styleName) VALUES (13, 'Neon Noir 13');
INSERT INTO StyleTag (styleID, styleName) VALUES (14, 'Clean Corporate 14');
INSERT INTO StyleTag (styleID, styleName) VALUES (15, 'Soft Documentary 15');

-- Tool
INSERT INTO Tool (toolID, toolName) VALUES (1, 'Photoshop 1');
INSERT INTO Tool (toolID, toolName) VALUES (2, 'Pro Tools 2');
INSERT INTO Tool (toolID, toolName) VALUES (3, 'Final Cut Pro 3');
INSERT INTO Tool (toolID, toolName) VALUES (4, 'Lightroom 4');
INSERT INTO Tool (toolID, toolName) VALUES (5, 'Lightroom 5');
INSERT INTO Tool (toolID, toolName) VALUES (6, 'Avid Media Composer 6');
INSERT INTO Tool (toolID, toolName) VALUES (7, 'Blender 7');
INSERT INTO Tool (toolID, toolName) VALUES (8, 'After Effects 8');
INSERT INTO Tool (toolID, toolName) VALUES (9, 'Lightroom 9');
INSERT INTO Tool (toolID, toolName) VALUES (10, 'Adobe Premiere Pro 10');
INSERT INTO Tool (toolID, toolName) VALUES (11, 'Pro Tools 11');
INSERT INTO Tool (toolID, toolName) VALUES (12, 'Photoshop 12');
INSERT INTO Tool (toolID, toolName) VALUES (13, 'Lightroom 13');
INSERT INTO Tool (toolID, toolName) VALUES (14, 'Blender 14');
INSERT INTO Tool (toolID, toolName) VALUES (15, 'Adobe Premiere Pro 15');

-- TrendTag
INSERT INTO TrendTag (trendID, trendName, isActive) VALUES (1, 'Commercial home shake', 1);
INSERT INTO TrendTag (trendID, trendName, isActive) VALUES (2, 'Like', 1);
INSERT INTO TrendTag (trendID, trendName, isActive) VALUES (3, 'Various Republican', 1);
INSERT INTO TrendTag (trendID, trendName, isActive) VALUES (4, 'Whole say', 0);
INSERT INTO TrendTag (trendID, trendName, isActive) VALUES (5, 'Nearly international assume', 1);
INSERT INTO TrendTag (trendID, trendName, isActive) VALUES (6, 'Represent mission', 1);
INSERT INTO TrendTag (trendID, trendName, isActive) VALUES (7, 'Trade investment nation', 1);
INSERT INTO TrendTag (trendID, trendName, isActive) VALUES (8, 'Stay value at', 1);
INSERT INTO TrendTag (trendID, trendName, isActive) VALUES (9, 'Form future middle', 1);
INSERT INTO TrendTag (trendID, trendName, isActive) VALUES (10, 'New rule less', 1);
INSERT INTO TrendTag (trendID, trendName, isActive) VALUES (11, 'Watch citizen edge', 1);
INSERT INTO TrendTag (trendID, trendName, isActive) VALUES (12, 'Child message certainly', 1);
INSERT INTO TrendTag (trendID, trendName, isActive) VALUES (13, 'Including minute', 1);
INSERT INTO TrendTag (trendID, trendName, isActive) VALUES (14, 'Change', 1);
INSERT INTO TrendTag (trendID, trendName, isActive) VALUES (15, 'Sell light name', 1);
INSERT INTO TrendTag (trendID, trendName, isActive) VALUES (16, 'Benefit firm mission', 1);
INSERT INTO TrendTag (trendID, trendName, isActive) VALUES (17, 'Plan carry wait protect', 1);
INSERT INTO TrendTag (trendID, trendName, isActive) VALUES (18, 'Easy enter service gun', 1);
INSERT INTO TrendTag (trendID, trendName, isActive) VALUES (19, 'Beat control do', 0);
INSERT INTO TrendTag (trendID, trendName, isActive) VALUES (20, 'Every upon', 1);

-- KPI_Metric
INSERT INTO KPI_Metric (kpiID, Name, description, formulaText, isActive) VALUES (1, 'KPI 1', 'Myself fine table surface sister.', '(credits_weight * 1) + collab_score', 1);
INSERT INTO KPI_Metric (kpiID, Name, description, formulaText, isActive) VALUES (2, 'KPI 2', 'Run leader design me big compare difficult may item lay.', '(credits_weight * 2) + collab_score', 1);
INSERT INTO KPI_Metric (kpiID, Name, description, formulaText, isActive) VALUES (3, 'KPI 3', 'Affect answer structure fish find its small.', '(credits_weight * 3) + collab_score', 1);
INSERT INTO KPI_Metric (kpiID, Name, description, formulaText, isActive) VALUES (4, 'KPI 4', 'Economic south any they blood something community improve yet more.', '(credits_weight * 4) + collab_score', 0);
INSERT INTO KPI_Metric (kpiID, Name, description, formulaText, isActive) VALUES (5, 'KPI 5', 'Over rather increase attorney only garden leader see would issue.', '(credits_weight * 5) + collab_score', 0);
INSERT INTO KPI_Metric (kpiID, Name, description, formulaText, isActive) VALUES (6, 'KPI 6', 'Measure live weight generation thing service hold.', '(credits_weight * 6) + collab_score', 1);
INSERT INTO KPI_Metric (kpiID, Name, description, formulaText, isActive) VALUES (7, 'KPI 7', 'Activity couple forward out something glass assume.', '(credits_weight * 7) + collab_score', 0);
INSERT INTO KPI_Metric (kpiID, Name, description, formulaText, isActive) VALUES (8, 'KPI 8', 'Far subject then note effort ten range.', '(credits_weight * 8) + collab_score', 0);
INSERT INTO KPI_Metric (kpiID, Name, description, formulaText, isActive) VALUES (9, 'KPI 9', 'Only action develop environment trip.', '(credits_weight * 9) + collab_score', 0);
INSERT INTO KPI_Metric (kpiID, Name, description, formulaText, isActive) VALUES (10, 'KPI 10', 'Energy usually network it region.', '(credits_weight * 10) + collab_score', 1);

-- UserStyle
INSERT INTO UserStyle (UserID, styleID) VALUES (30, 14);
INSERT INTO UserStyle (UserID, styleID) VALUES (16, 2);
INSERT INTO UserStyle (UserID, styleID) VALUES (27, 5);
INSERT INTO UserStyle (UserID, styleID) VALUES (22, 2);
INSERT INTO UserStyle (UserID, styleID) VALUES (10, 15);
INSERT INTO UserStyle (UserID, styleID) VALUES (40, 6);
INSERT INTO UserStyle (UserID, styleID) VALUES (29, 8);
INSERT INTO UserStyle (UserID, styleID) VALUES (39, 6);
INSERT INTO UserStyle (UserID, styleID) VALUES (8, 2);
INSERT INTO UserStyle (UserID, styleID) VALUES (35, 6);
INSERT INTO UserStyle (UserID, styleID) VALUES (13, 10);
INSERT INTO UserStyle (UserID, styleID) VALUES (21, 9);
INSERT INTO UserStyle (UserID, styleID) VALUES (21, 5);
INSERT INTO UserStyle (UserID, styleID) VALUES (5, 8);
INSERT INTO UserStyle (UserID, styleID) VALUES (8, 6);
INSERT INTO UserStyle (UserID, styleID) VALUES (24, 10);
INSERT INTO UserStyle (UserID, styleID) VALUES (4, 4);
INSERT INTO UserStyle (UserID, styleID) VALUES (40, 10);
INSERT INTO UserStyle (UserID, styleID) VALUES (28, 3);
INSERT INTO UserStyle (UserID, styleID) VALUES (16, 7);
INSERT INTO UserStyle (UserID, styleID) VALUES (9, 1);
INSERT INTO UserStyle (UserID, styleID) VALUES (7, 5);
INSERT INTO UserStyle (UserID, styleID) VALUES (6, 9);
INSERT INTO UserStyle (UserID, styleID) VALUES (25, 9);
INSERT INTO UserStyle (UserID, styleID) VALUES (35, 2);
INSERT INTO UserStyle (UserID, styleID) VALUES (29, 4);
INSERT INTO UserStyle (UserID, styleID) VALUES (13, 6);
INSERT INTO UserStyle (UserID, styleID) VALUES (25, 6);
INSERT INTO UserStyle (UserID, styleID) VALUES (8, 9);
INSERT INTO UserStyle (UserID, styleID) VALUES (14, 13);
INSERT INTO UserStyle (UserID, styleID) VALUES (13, 9);
INSERT INTO UserStyle (UserID, styleID) VALUES (31, 9);
INSERT INTO UserStyle (UserID, styleID) VALUES (23, 13);
INSERT INTO UserStyle (UserID, styleID) VALUES (2, 12);
INSERT INTO UserStyle (UserID, styleID) VALUES (31, 4);
INSERT INTO UserStyle (UserID, styleID) VALUES (21, 14);
INSERT INTO UserStyle (UserID, styleID) VALUES (37, 7);
INSERT INTO UserStyle (UserID, styleID) VALUES (20, 13);
INSERT INTO UserStyle (UserID, styleID) VALUES (4, 9);
INSERT INTO UserStyle (UserID, styleID) VALUES (26, 9);
INSERT INTO UserStyle (UserID, styleID) VALUES (20, 8);
INSERT INTO UserStyle (UserID, styleID) VALUES (34, 15);
INSERT INTO UserStyle (UserID, styleID) VALUES (14, 8);
INSERT INTO UserStyle (UserID, styleID) VALUES (34, 5);
INSERT INTO UserStyle (UserID, styleID) VALUES (32, 5);
INSERT INTO UserStyle (UserID, styleID) VALUES (24, 9);
INSERT INTO UserStyle (UserID, styleID) VALUES (4, 6);
INSERT INTO UserStyle (UserID, styleID) VALUES (2, 6);
INSERT INTO UserStyle (UserID, styleID) VALUES (40, 3);
INSERT INTO UserStyle (UserID, styleID) VALUES (38, 8);
INSERT INTO UserStyle (UserID, styleID) VALUES (40, 11);
INSERT INTO UserStyle (UserID, styleID) VALUES (34, 9);
INSERT INTO UserStyle (UserID, styleID) VALUES (26, 6);
INSERT INTO UserStyle (UserID, styleID) VALUES (3, 3);
INSERT INTO UserStyle (UserID, styleID) VALUES (21, 15);
INSERT INTO UserStyle (UserID, styleID) VALUES (16, 11);
INSERT INTO UserStyle (UserID, styleID) VALUES (14, 11);
INSERT INTO UserStyle (UserID, styleID) VALUES (36, 11);
INSERT INTO UserStyle (UserID, styleID) VALUES (19, 1);
INSERT INTO UserStyle (UserID, styleID) VALUES (6, 2);
INSERT INTO UserStyle (UserID, styleID) VALUES (20, 15);
INSERT INTO UserStyle (UserID, styleID) VALUES (36, 7);
INSERT INTO UserStyle (UserID, styleID) VALUES (23, 4);
INSERT INTO UserStyle (UserID, styleID) VALUES (15, 10);
INSERT INTO UserStyle (UserID, styleID) VALUES (17, 7);
INSERT INTO UserStyle (UserID, styleID) VALUES (38, 3);
INSERT INTO UserStyle (UserID, styleID) VALUES (27, 6);
INSERT INTO UserStyle (UserID, styleID) VALUES (1, 9);
INSERT INTO UserStyle (UserID, styleID) VALUES (13, 11);
INSERT INTO UserStyle (UserID, styleID) VALUES (15, 5);
INSERT INTO UserStyle (UserID, styleID) VALUES (26, 3);
INSERT INTO UserStyle (UserID, styleID) VALUES (34, 10);
INSERT INTO UserStyle (UserID, styleID) VALUES (9, 11);
INSERT INTO UserStyle (UserID, styleID) VALUES (6, 10);
INSERT INTO UserStyle (UserID, styleID) VALUES (9, 4);
INSERT INTO UserStyle (UserID, styleID) VALUES (13, 5);
INSERT INTO UserStyle (UserID, styleID) VALUES (24, 5);
INSERT INTO UserStyle (UserID, styleID) VALUES (39, 3);
INSERT INTO UserStyle (UserID, styleID) VALUES (7, 3);
INSERT INTO UserStyle (UserID, styleID) VALUES (8, 5);
INSERT INTO UserStyle (UserID, styleID) VALUES (2, 11);
INSERT INTO UserStyle (UserID, styleID) VALUES (39, 4);
INSERT INTO UserStyle (UserID, styleID) VALUES (3, 6);
INSERT INTO UserStyle (UserID, styleID) VALUES (24, 1);
INSERT INTO UserStyle (UserID, styleID) VALUES (29, 1);
INSERT INTO UserStyle (UserID, styleID) VALUES (39, 9);
INSERT INTO UserStyle (UserID, styleID) VALUES (24, 15);
INSERT INTO UserStyle (UserID, styleID) VALUES (9, 3);
INSERT INTO UserStyle (UserID, styleID) VALUES (16, 6);
INSERT INTO UserStyle (UserID, styleID) VALUES (37, 11);
INSERT INTO UserStyle (UserID, styleID) VALUES (22, 12);
INSERT INTO UserStyle (UserID, styleID) VALUES (1, 13);
INSERT INTO UserStyle (UserID, styleID) VALUES (31, 6);
INSERT INTO UserStyle (UserID, styleID) VALUES (19, 4);
INSERT INTO UserStyle (UserID, styleID) VALUES (33, 14);
INSERT INTO UserStyle (UserID, styleID) VALUES (38, 5);
INSERT INTO UserStyle (UserID, styleID) VALUES (32, 13);
INSERT INTO UserStyle (UserID, styleID) VALUES (17, 10);
INSERT INTO UserStyle (UserID, styleID) VALUES (3, 2);
INSERT INTO UserStyle (UserID, styleID) VALUES (7, 9);
INSERT INTO UserStyle (UserID, styleID) VALUES (19, 2);
INSERT INTO UserStyle (UserID, styleID) VALUES (21, 6);
INSERT INTO UserStyle (UserID, styleID) VALUES (11, 9);
INSERT INTO UserStyle (UserID, styleID) VALUES (12, 13);
INSERT INTO UserStyle (UserID, styleID) VALUES (16, 10);
INSERT INTO UserStyle (UserID, styleID) VALUES (29, 6);
INSERT INTO UserStyle (UserID, styleID) VALUES (20, 5);

-- UserTool
INSERT INTO UserTool (UserID, toolID) VALUES (28, 6);
INSERT INTO UserTool (UserID, toolID) VALUES (10, 7);
INSERT INTO UserTool (UserID, toolID) VALUES (21, 15);
INSERT INTO UserTool (UserID, toolID) VALUES (36, 13);
INSERT INTO UserTool (UserID, toolID) VALUES (30, 4);
INSERT INTO UserTool (UserID, toolID) VALUES (28, 2);
INSERT INTO UserTool (UserID, toolID) VALUES (31, 3);
INSERT INTO UserTool (UserID, toolID) VALUES (27, 2);
INSERT INTO UserTool (UserID, toolID) VALUES (7, 15);
INSERT INTO UserTool (UserID, toolID) VALUES (3, 7);
INSERT INTO UserTool (UserID, toolID) VALUES (24, 5);
INSERT INTO UserTool (UserID, toolID) VALUES (1, 15);
INSERT INTO UserTool (UserID, toolID) VALUES (24, 15);
INSERT INTO UserTool (UserID, toolID) VALUES (33, 3);
INSERT INTO UserTool (UserID, toolID) VALUES (26, 15);
INSERT INTO UserTool (UserID, toolID) VALUES (32, 13);
INSERT INTO UserTool (UserID, toolID) VALUES (8, 4);
INSERT INTO UserTool (UserID, toolID) VALUES (23, 6);
INSERT INTO UserTool (UserID, toolID) VALUES (27, 12);
INSERT INTO UserTool (UserID, toolID) VALUES (11, 4);
INSERT INTO UserTool (UserID, toolID) VALUES (37, 15);
INSERT INTO UserTool (UserID, toolID) VALUES (9, 11);
INSERT INTO UserTool (UserID, toolID) VALUES (9, 10);
INSERT INTO UserTool (UserID, toolID) VALUES (9, 15);
INSERT INTO UserTool (UserID, toolID) VALUES (30, 8);
INSERT INTO UserTool (UserID, toolID) VALUES (15, 13);
INSERT INTO UserTool (UserID, toolID) VALUES (8, 10);
INSERT INTO UserTool (UserID, toolID) VALUES (3, 11);
INSERT INTO UserTool (UserID, toolID) VALUES (5, 1);
INSERT INTO UserTool (UserID, toolID) VALUES (38, 2);
INSERT INTO UserTool (UserID, toolID) VALUES (7, 1);
INSERT INTO UserTool (UserID, toolID) VALUES (12, 15);
INSERT INTO UserTool (UserID, toolID) VALUES (29, 3);
INSERT INTO UserTool (UserID, toolID) VALUES (40, 8);
INSERT INTO UserTool (UserID, toolID) VALUES (34, 6);
INSERT INTO UserTool (UserID, toolID) VALUES (38, 10);
INSERT INTO UserTool (UserID, toolID) VALUES (22, 11);
INSERT INTO UserTool (UserID, toolID) VALUES (36, 4);
INSERT INTO UserTool (UserID, toolID) VALUES (17, 14);
INSERT INTO UserTool (UserID, toolID) VALUES (29, 5);
INSERT INTO UserTool (UserID, toolID) VALUES (25, 1);
INSERT INTO UserTool (UserID, toolID) VALUES (35, 1);
INSERT INTO UserTool (UserID, toolID) VALUES (33, 1);
INSERT INTO UserTool (UserID, toolID) VALUES (36, 12);
INSERT INTO UserTool (UserID, toolID) VALUES (33, 2);
INSERT INTO UserTool (UserID, toolID) VALUES (34, 3);
INSERT INTO UserTool (UserID, toolID) VALUES (7, 2);
INSERT INTO UserTool (UserID, toolID) VALUES (39, 3);
INSERT INTO UserTool (UserID, toolID) VALUES (7, 10);
INSERT INTO UserTool (UserID, toolID) VALUES (12, 3);
INSERT INTO UserTool (UserID, toolID) VALUES (7, 4);
INSERT INTO UserTool (UserID, toolID) VALUES (15, 14);
INSERT INTO UserTool (UserID, toolID) VALUES (18, 6);
INSERT INTO UserTool (UserID, toolID) VALUES (30, 6);
INSERT INTO UserTool (UserID, toolID) VALUES (27, 10);
INSERT INTO UserTool (UserID, toolID) VALUES (23, 5);
INSERT INTO UserTool (UserID, toolID) VALUES (36, 7);
INSERT INTO UserTool (UserID, toolID) VALUES (22, 3);
INSERT INTO UserTool (UserID, toolID) VALUES (27, 7);
INSERT INTO UserTool (UserID, toolID) VALUES (13, 7);
INSERT INTO UserTool (UserID, toolID) VALUES (39, 15);
INSERT INTO UserTool (UserID, toolID) VALUES (23, 14);
INSERT INTO UserTool (UserID, toolID) VALUES (35, 11);
INSERT INTO UserTool (UserID, toolID) VALUES (29, 8);
INSERT INTO UserTool (UserID, toolID) VALUES (16, 4);
INSERT INTO UserTool (UserID, toolID) VALUES (28, 5);
INSERT INTO UserTool (UserID, toolID) VALUES (31, 9);
INSERT INTO UserTool (UserID, toolID) VALUES (31, 4);
INSERT INTO UserTool (UserID, toolID) VALUES (3, 3);
INSERT INTO UserTool (UserID, toolID) VALUES (33, 7);
INSERT INTO UserTool (UserID, toolID) VALUES (26, 13);
INSERT INTO UserTool (UserID, toolID) VALUES (38, 13);
INSERT INTO UserTool (UserID, toolID) VALUES (33, 14);
INSERT INTO UserTool (UserID, toolID) VALUES (18, 14);
INSERT INTO UserTool (UserID, toolID) VALUES (26, 9);
INSERT INTO UserTool (UserID, toolID) VALUES (3, 10);
INSERT INTO UserTool (UserID, toolID) VALUES (32, 4);
INSERT INTO UserTool (UserID, toolID) VALUES (18, 1);
INSERT INTO UserTool (UserID, toolID) VALUES (6, 12);
INSERT INTO UserTool (UserID, toolID) VALUES (32, 8);
INSERT INTO UserTool (UserID, toolID) VALUES (1, 10);
INSERT INTO UserTool (UserID, toolID) VALUES (14, 14);
INSERT INTO UserTool (UserID, toolID) VALUES (19, 12);
INSERT INTO UserTool (UserID, toolID) VALUES (33, 10);
INSERT INTO UserTool (UserID, toolID) VALUES (10, 13);
INSERT INTO UserTool (UserID, toolID) VALUES (22, 8);
INSERT INTO UserTool (UserID, toolID) VALUES (34, 11);
INSERT INTO UserTool (UserID, toolID) VALUES (1, 9);
INSERT INTO UserTool (UserID, toolID) VALUES (13, 10);
INSERT INTO UserTool (UserID, toolID) VALUES (19, 13);
INSERT INTO UserTool (UserID, toolID) VALUES (4, 14);
INSERT INTO UserTool (UserID, toolID) VALUES (21, 12);
INSERT INTO UserTool (UserID, toolID) VALUES (10, 10);
INSERT INTO UserTool (UserID, toolID) VALUES (19, 5);
INSERT INTO UserTool (UserID, toolID) VALUES (5, 9);
INSERT INTO UserTool (UserID, toolID) VALUES (8, 12);
INSERT INTO UserTool (UserID, toolID) VALUES (22, 14);
INSERT INTO UserTool (UserID, toolID) VALUES (6, 7);
INSERT INTO UserTool (UserID, toolID) VALUES (22, 7);
INSERT INTO UserTool (UserID, toolID) VALUES (4, 11);
INSERT INTO UserTool (UserID, toolID) VALUES (2, 2);
INSERT INTO UserTool (UserID, toolID) VALUES (23, 10);
INSERT INTO UserTool (UserID, toolID) VALUES (19, 14);
INSERT INTO UserTool (UserID, toolID) VALUES (9, 12);
INSERT INTO UserTool (UserID, toolID) VALUES (31, 1);
INSERT INTO UserTool (UserID, toolID) VALUES (35, 10);
INSERT INTO UserTool (UserID, toolID) VALUES (30, 11);

-- UserKPI
INSERT INTO UserKPI (kpiUserID, kpiID, value, asOfDate) VALUES (36, 4, 89.37, '2025-10-19');
INSERT INTO UserKPI (kpiUserID, kpiID, value, asOfDate) VALUES (20, 9, 60.24, '2025-11-27');
INSERT INTO UserKPI (kpiUserID, kpiID, value, asOfDate) VALUES (2, 4, 15.8, '2025-11-13');
INSERT INTO UserKPI (kpiUserID, kpiID, value, asOfDate) VALUES (13, 3, 41.97, '2025-11-29');
INSERT INTO UserKPI (kpiUserID, kpiID, value, asOfDate) VALUES (37, 8, 96.4, '2025-11-13');
INSERT INTO UserKPI (kpiUserID, kpiID, value, asOfDate) VALUES (13, 4, 30.03, '2025-10-06');
INSERT INTO UserKPI (kpiUserID, kpiID, value, asOfDate) VALUES (9, 8, 54.15, '2025-11-05');
INSERT INTO UserKPI (kpiUserID, kpiID, value, asOfDate) VALUES (6, 7, 92.38, '2025-10-27');
INSERT INTO UserKPI (kpiUserID, kpiID, value, asOfDate) VALUES (5, 1, 75.12, '2025-11-16');
INSERT INTO UserKPI (kpiUserID, kpiID, value, asOfDate) VALUES (2, 3, 3.72, '2025-11-25');
INSERT INTO UserKPI (kpiUserID, kpiID, value, asOfDate) VALUES (10, 4, 20.27, '2025-11-09');
INSERT INTO UserKPI (kpiUserID, kpiID, value, asOfDate) VALUES (32, 3, 93.18, '2025-10-28');
INSERT INTO UserKPI (kpiUserID, kpiID, value, asOfDate) VALUES (34, 3, 26.0, '2025-11-05');
INSERT INTO UserKPI (kpiUserID, kpiID, value, asOfDate) VALUES (5, 5, 24.33, '2025-10-25');
INSERT INTO UserKPI (kpiUserID, kpiID, value, asOfDate) VALUES (32, 9, 15.91, '2025-11-12');
INSERT INTO UserKPI (kpiUserID, kpiID, value, asOfDate) VALUES (30, 7, 63.76, '2025-10-11');
INSERT INTO UserKPI (kpiUserID, kpiID, value, asOfDate) VALUES (15, 1, 53.68, '2025-10-09');
INSERT INTO UserKPI (kpiUserID, kpiID, value, asOfDate) VALUES (16, 2, 21.34, '2025-10-23');
INSERT INTO UserKPI (kpiUserID, kpiID, value, asOfDate) VALUES (25, 1, 66.71, '2025-11-15');
INSERT INTO UserKPI (kpiUserID, kpiID, value, asOfDate) VALUES (36, 6, 47.75, '2025-12-01');
INSERT INTO UserKPI (kpiUserID, kpiID, value, asOfDate) VALUES (21, 1, 90.88, '2025-11-08');
INSERT INTO UserKPI (kpiUserID, kpiID, value, asOfDate) VALUES (23, 2, 23.59, '2025-10-26');
INSERT INTO UserKPI (kpiUserID, kpiID, value, asOfDate) VALUES (18, 5, 62.74, '2025-10-24');
INSERT INTO UserKPI (kpiUserID, kpiID, value, asOfDate) VALUES (30, 5, 34.59, '2025-10-08');
INSERT INTO UserKPI (kpiUserID, kpiID, value, asOfDate) VALUES (7, 8, 25.86, '2025-10-11');
INSERT INTO UserKPI (kpiUserID, kpiID, value, asOfDate) VALUES (11, 3, 46.67, '2025-12-03');
INSERT INTO UserKPI (kpiUserID, kpiID, value, asOfDate) VALUES (29, 8, 48.23, '2025-11-26');
INSERT INTO UserKPI (kpiUserID, kpiID, value, asOfDate) VALUES (35, 5, 59.74, '2025-11-10');
INSERT INTO UserKPI (kpiUserID, kpiID, value, asOfDate) VALUES (30, 3, 13.2, '2025-10-27');
INSERT INTO UserKPI (kpiUserID, kpiID, value, asOfDate) VALUES (1, 3, 72.12, '2025-10-15');
INSERT INTO UserKPI (kpiUserID, kpiID, value, asOfDate) VALUES (21, 10, 30.42, '2025-11-27');
INSERT INTO UserKPI (kpiUserID, kpiID, value, asOfDate) VALUES (40, 5, 69.1, '2025-10-15');
INSERT INTO UserKPI (kpiUserID, kpiID, value, asOfDate) VALUES (34, 4, 92.85, '2025-10-26');
INSERT INTO UserKPI (kpiUserID, kpiID, value, asOfDate) VALUES (14, 3, 51.85, '2025-11-08');
INSERT INTO UserKPI (kpiUserID, kpiID, value, asOfDate) VALUES (32, 7, 23.99, '2025-11-17');
INSERT INTO UserKPI (kpiUserID, kpiID, value, asOfDate) VALUES (17, 8, 53.21, '2025-10-17');
INSERT INTO UserKPI (kpiUserID, kpiID, value, asOfDate) VALUES (18, 7, 38.01, '2025-10-12');
INSERT INTO UserKPI (kpiUserID, kpiID, value, asOfDate) VALUES (28, 10, 94.22, '2025-11-10');
INSERT INTO UserKPI (kpiUserID, kpiID, value, asOfDate) VALUES (30, 2, 70.36, '2025-12-02');
INSERT INTO UserKPI (kpiUserID, kpiID, value, asOfDate) VALUES (11, 9, 13.47, '2025-12-02');
INSERT INTO UserKPI (kpiUserID, kpiID, value, asOfDate) VALUES (2, 5, 31.36, '2025-11-07');
INSERT INTO UserKPI (kpiUserID, kpiID, value, asOfDate) VALUES (22, 8, 10.81, '2025-10-18');
INSERT INTO UserKPI (kpiUserID, kpiID, value, asOfDate) VALUES (15, 8, 51.49, '2025-12-03');
INSERT INTO UserKPI (kpiUserID, kpiID, value, asOfDate) VALUES (23, 1, 43.06, '2025-11-21');
INSERT INTO UserKPI (kpiUserID, kpiID, value, asOfDate) VALUES (6, 4, 33.74, '2025-10-19');
INSERT INTO UserKPI (kpiUserID, kpiID, value, asOfDate) VALUES (9, 7, 39.92, '2025-10-10');
INSERT INTO UserKPI (kpiUserID, kpiID, value, asOfDate) VALUES (17, 6, 64.78, '2025-11-18');
INSERT INTO UserKPI (kpiUserID, kpiID, value, asOfDate) VALUES (5, 10, 22.25, '2025-11-10');
INSERT INTO UserKPI (kpiUserID, kpiID, value, asOfDate) VALUES (18, 2, 74.69, '2025-10-12');
INSERT INTO UserKPI (kpiUserID, kpiID, value, asOfDate) VALUES (16, 1, 67.29, '2025-10-06');
INSERT INTO UserKPI (kpiUserID, kpiID, value, asOfDate) VALUES (12, 7, 29.28, '2025-10-14');
INSERT INTO UserKPI (kpiUserID, kpiID, value, asOfDate) VALUES (39, 2, 56.18, '2025-11-01');
INSERT INTO UserKPI (kpiUserID, kpiID, value, asOfDate) VALUES (26, 10, 37.78, '2025-11-14');
INSERT INTO UserKPI (kpiUserID, kpiID, value, asOfDate) VALUES (26, 4, 89.45, '2025-10-09');
INSERT INTO UserKPI (kpiUserID, kpiID, value, asOfDate) VALUES (22, 1, 21.93, '2025-10-14');
INSERT INTO UserKPI (kpiUserID, kpiID, value, asOfDate) VALUES (17, 1, 92.51, '2025-10-27');
INSERT INTO UserKPI (kpiUserID, kpiID, value, asOfDate) VALUES (14, 1, 95.61, '2025-10-26');
INSERT INTO UserKPI (kpiUserID, kpiID, value, asOfDate) VALUES (5, 4, 61.41, '2025-11-22');
INSERT INTO UserKPI (kpiUserID, kpiID, value, asOfDate) VALUES (34, 5, 57.63, '2025-11-04');
INSERT INTO UserKPI (kpiUserID, kpiID, value, asOfDate) VALUES (14, 7, 10.78, '2025-11-15');
INSERT INTO UserKPI (kpiUserID, kpiID, value, asOfDate) VALUES (24, 6, 33.3, '2025-10-08');
INSERT INTO UserKPI (kpiUserID, kpiID, value, asOfDate) VALUES (26, 1, 98.36, '2025-11-19');
INSERT INTO UserKPI (kpiUserID, kpiID, value, asOfDate) VALUES (12, 5, 25.69, '2025-11-09');
INSERT INTO UserKPI (kpiUserID, kpiID, value, asOfDate) VALUES (9, 4, 17.3, '2025-10-17');
INSERT INTO UserKPI (kpiUserID, kpiID, value, asOfDate) VALUES (29, 7, 74.67, '2025-11-09');
INSERT INTO UserKPI (kpiUserID, kpiID, value, asOfDate) VALUES (35, 2, 70.17, '2025-11-11');
INSERT INTO UserKPI (kpiUserID, kpiID, value, asOfDate) VALUES (21, 3, 47.31, '2025-11-06');
INSERT INTO UserKPI (kpiUserID, kpiID, value, asOfDate) VALUES (40, 2, 27.52, '2025-10-12');
INSERT INTO UserKPI (kpiUserID, kpiID, value, asOfDate) VALUES (4, 5, 78.86, '2025-10-07');
INSERT INTO UserKPI (kpiUserID, kpiID, value, asOfDate) VALUES (25, 3, 30.58, '2025-11-16');
INSERT INTO UserKPI (kpiUserID, kpiID, value, asOfDate) VALUES (15, 6, 72.98, '2025-11-24');
INSERT INTO UserKPI (kpiUserID, kpiID, value, asOfDate) VALUES (15, 10, 4.46, '2025-10-05');
INSERT INTO UserKPI (kpiUserID, kpiID, value, asOfDate) VALUES (37, 5, 3.04, '2025-10-29');
INSERT INTO UserKPI (kpiUserID, kpiID, value, asOfDate) VALUES (23, 10, 12.4, '2025-12-02');
INSERT INTO UserKPI (kpiUserID, kpiID, value, asOfDate) VALUES (20, 3, 92.2, '2025-11-19');
INSERT INTO UserKPI (kpiUserID, kpiID, value, asOfDate) VALUES (33, 3, 11.31, '2025-11-10');
INSERT INTO UserKPI (kpiUserID, kpiID, value, asOfDate) VALUES (24, 8, 85.62, '2025-11-26');
INSERT INTO UserKPI (kpiUserID, kpiID, value, asOfDate) VALUES (22, 5, 62.47, '2025-10-09');
INSERT INTO UserKPI (kpiUserID, kpiID, value, asOfDate) VALUES (10, 7, 51.0, '2025-11-15');
INSERT INTO UserKPI (kpiUserID, kpiID, value, asOfDate) VALUES (13, 5, 80.94, '2025-11-26');
INSERT INTO UserKPI (kpiUserID, kpiID, value, asOfDate) VALUES (7, 4, 19.34, '2025-10-24');
INSERT INTO UserKPI (kpiUserID, kpiID, value, asOfDate) VALUES (11, 8, 94.86, '2025-10-28');
INSERT INTO UserKPI (kpiUserID, kpiID, value, asOfDate) VALUES (24, 2, 15.44, '2025-11-14');
INSERT INTO UserKPI (kpiUserID, kpiID, value, asOfDate) VALUES (17, 10, 0.39, '2025-11-24');
INSERT INTO UserKPI (kpiUserID, kpiID, value, asOfDate) VALUES (24, 4, 56.45, '2025-10-26');
INSERT INTO UserKPI (kpiUserID, kpiID, value, asOfDate) VALUES (34, 1, 37.61, '2025-11-26');
INSERT INTO UserKPI (kpiUserID, kpiID, value, asOfDate) VALUES (9, 2, 40.36, '2025-10-08');
INSERT INTO UserKPI (kpiUserID, kpiID, value, asOfDate) VALUES (38, 4, 25.51, '2025-10-09');
INSERT INTO UserKPI (kpiUserID, kpiID, value, asOfDate) VALUES (27, 8, 28.47, '2025-11-16');
INSERT INTO UserKPI (kpiUserID, kpiID, value, asOfDate) VALUES (5, 3, 28.06, '2025-10-05');
INSERT INTO UserKPI (kpiUserID, kpiID, value, asOfDate) VALUES (8, 4, 83.14, '2025-10-09');
INSERT INTO UserKPI (kpiUserID, kpiID, value, asOfDate) VALUES (21, 6, 37.4, '2025-11-17');
INSERT INTO UserKPI (kpiUserID, kpiID, value, asOfDate) VALUES (29, 4, 29.73, '2025-11-20');
INSERT INTO UserKPI (kpiUserID, kpiID, value, asOfDate) VALUES (38, 9, 36.39, '2025-11-04');
INSERT INTO UserKPI (kpiUserID, kpiID, value, asOfDate) VALUES (9, 5, 3.89, '2025-11-22');
INSERT INTO UserKPI (kpiUserID, kpiID, value, asOfDate) VALUES (28, 9, 96.78, '2025-10-24');
INSERT INTO UserKPI (kpiUserID, kpiID, value, asOfDate) VALUES (27, 6, 76.46, '2025-10-07');
INSERT INTO UserKPI (kpiUserID, kpiID, value, asOfDate) VALUES (27, 5, 39.42, '2025-10-07');
INSERT INTO UserKPI (kpiUserID, kpiID, value, asOfDate) VALUES (40, 7, 8.36, '2025-11-23');
INSERT INTO UserKPI (kpiUserID, kpiID, value, asOfDate) VALUES (40, 10, 49.67, '2025-11-29');
INSERT INTO UserKPI (kpiUserID, kpiID, value, asOfDate) VALUES (31, 3, 75.94, '2025-10-19');
INSERT INTO UserKPI (kpiUserID, kpiID, value, asOfDate) VALUES (21, 8, 49.02, '2025-11-21');
INSERT INTO UserKPI (kpiUserID, kpiID, value, asOfDate) VALUES (4, 1, 20.85, '2025-10-22');
INSERT INTO UserKPI (kpiUserID, kpiID, value, asOfDate) VALUES (24, 9, 44.99, '2025-10-14');
INSERT INTO UserKPI (kpiUserID, kpiID, value, asOfDate) VALUES (11, 7, 18.56, '2025-10-14');
INSERT INTO UserKPI (kpiUserID, kpiID, value, asOfDate) VALUES (29, 9, 31.7, '2025-11-22');
INSERT INTO UserKPI (kpiUserID, kpiID, value, asOfDate) VALUES (5, 9, 86.35, '2025-11-06');
INSERT INTO UserKPI (kpiUserID, kpiID, value, asOfDate) VALUES (8, 10, 28.71, '2025-12-02');
INSERT INTO UserKPI (kpiUserID, kpiID, value, asOfDate) VALUES (14, 5, 7.41, '2025-11-16');
INSERT INTO UserKPI (kpiUserID, kpiID, value, asOfDate) VALUES (34, 2, 38.43, '2025-11-19');
INSERT INTO UserKPI (kpiUserID, kpiID, value, asOfDate) VALUES (2, 8, 79.61, '2025-11-28');
INSERT INTO UserKPI (kpiUserID, kpiID, value, asOfDate) VALUES (29, 3, 18.89, '2025-11-05');
INSERT INTO UserKPI (kpiUserID, kpiID, value, asOfDate) VALUES (19, 9, 68.58, '2025-11-22');
INSERT INTO UserKPI (kpiUserID, kpiID, value, asOfDate) VALUES (1, 6, 42.23, '2025-11-09');
INSERT INTO UserKPI (kpiUserID, kpiID, value, asOfDate) VALUES (18, 6, 68.91, '2025-10-12');
INSERT INTO UserKPI (kpiUserID, kpiID, value, asOfDate) VALUES (23, 5, 47.96, '2025-10-11');
INSERT INTO UserKPI (kpiUserID, kpiID, value, asOfDate) VALUES (1, 7, 29.61, '2025-11-11');
INSERT INTO UserKPI (kpiUserID, kpiID, value, asOfDate) VALUES (28, 7, 6.44, '2025-11-26');
INSERT INTO UserKPI (kpiUserID, kpiID, value, asOfDate) VALUES (3, 8, 59.2, '2025-11-13');
INSERT INTO UserKPI (kpiUserID, kpiID, value, asOfDate) VALUES (27, 4, 65.02, '2025-11-01');
INSERT INTO UserKPI (kpiUserID, kpiID, value, asOfDate) VALUES (11, 5, 74.85, '2025-10-25');
INSERT INTO UserKPI (kpiUserID, kpiID, value, asOfDate) VALUES (30, 9, 29.71, '2025-11-23');
INSERT INTO UserKPI (kpiUserID, kpiID, value, asOfDate) VALUES (28, 2, 40.39, '2025-11-05');
INSERT INTO UserKPI (kpiUserID, kpiID, value, asOfDate) VALUES (39, 9, 78.75, '2025-10-20');
INSERT INTO UserKPI (kpiUserID, kpiID, value, asOfDate) VALUES (34, 8, 19.9, '2025-10-06');
INSERT INTO UserKPI (kpiUserID, kpiID, value, asOfDate) VALUES (11, 6, 40.82, '2025-11-17');
INSERT INTO UserKPI (kpiUserID, kpiID, value, asOfDate) VALUES (15, 3, 6.36, '2025-11-22');
INSERT INTO UserKPI (kpiUserID, kpiID, value, asOfDate) VALUES (29, 2, 65.7, '2025-11-19');

-- InsightReport
INSERT INTO InsightReport (reportID, format, createdAt) VALUES (1, 'CSV', '2025-11-14 08:17:03.152405');
INSERT INTO InsightReport (reportID, format, createdAt) VALUES (2, 'CSV', '2025-12-04 16:14:28.267826');
INSERT INTO InsightReport (reportID, format, createdAt) VALUES (3, 'PDF', '2025-11-16 20:57:56.606179');
INSERT INTO InsightReport (reportID, format, createdAt) VALUES (4, 'CSV', '2025-11-12 04:23:18.676332');
INSERT INTO InsightReport (reportID, format, createdAt) VALUES (5, 'PDF', '2025-11-09 04:43:34.272872');
INSERT INTO InsightReport (reportID, format, createdAt) VALUES (6, 'PDF', '2025-11-05 23:19:58.550436');
INSERT INTO InsightReport (reportID, format, createdAt) VALUES (7, 'PDF', '2025-11-07 00:24:09.374392');
INSERT INTO InsightReport (reportID, format, createdAt) VALUES (8, 'PDF', '2025-12-03 11:25:36.378766');
INSERT INTO InsightReport (reportID, format, createdAt) VALUES (9, 'PDF', '2025-11-22 07:16:33.978431');
INSERT INTO InsightReport (reportID, format, createdAt) VALUES (10, 'CSV', '2025-11-05 07:55:58.196424');
INSERT INTO InsightReport (reportID, format, createdAt) VALUES (11, 'CSV', '2025-11-19 21:06:41.526034');
INSERT INTO InsightReport (reportID, format, createdAt) VALUES (12, 'PDF', '2025-11-06 22:58:59.200220');
INSERT INTO InsightReport (reportID, format, createdAt) VALUES (13, 'CSV', '2025-11-13 15:15:41.108891');
INSERT INTO InsightReport (reportID, format, createdAt) VALUES (14, 'CSV', '2025-11-18 14:31:30.751985');
INSERT INTO InsightReport (reportID, format, createdAt) VALUES (15, 'CSV', '2025-11-06 00:03:51.385717');
INSERT INTO InsightReport (reportID, format, createdAt) VALUES (16, 'CSV', '2025-11-07 23:12:46.565506');
INSERT INTO InsightReport (reportID, format, createdAt) VALUES (17, 'CSV', '2025-11-08 17:07:49.733190');
INSERT INTO InsightReport (reportID, format, createdAt) VALUES (18, 'PDF', '2025-11-12 05:45:28.595257');
INSERT INTO InsightReport (reportID, format, createdAt) VALUES (19, 'CSV', '2025-11-10 09:16:14.268352');
INSERT INTO InsightReport (reportID, format, createdAt) VALUES (20, 'CSV', '2025-11-10 00:53:11.032490');
INSERT INTO InsightReport (reportID, format, createdAt) VALUES (21, 'CSV', '2025-12-02 23:21:26.183339');
INSERT INTO InsightReport (reportID, format, createdAt) VALUES (22, 'PDF', '2025-11-05 09:39:28.823790');
INSERT INTO InsightReport (reportID, format, createdAt) VALUES (23, 'CSV', '2025-11-24 22:52:46.432272');
INSERT INTO InsightReport (reportID, format, createdAt) VALUES (24, 'CSV', '2025-11-30 12:27:42.150140');
INSERT INTO InsightReport (reportID, format, createdAt) VALUES (25, 'CSV', '2025-11-11 12:48:39.164610');
INSERT INTO InsightReport (reportID, format, createdAt) VALUES (26, 'PDF', '2025-11-21 00:25:50.888783');
INSERT INTO InsightReport (reportID, format, createdAt) VALUES (27, 'PDF', '2025-12-04 20:57:57.566349');
INSERT INTO InsightReport (reportID, format, createdAt) VALUES (28, 'CSV', '2025-11-29 19:14:42.162175');
INSERT INTO InsightReport (reportID, format, createdAt) VALUES (29, 'CSV', '2025-11-05 23:38:00.418211');
INSERT INTO InsightReport (reportID, format, createdAt) VALUES (30, 'PDF', '2025-11-12 01:59:08.171434');

-- ReportCreator
INSERT INTO ReportCreator (reportID, UserID) VALUES (7, 7);
INSERT INTO ReportCreator (reportID, UserID) VALUES (4, 5);
INSERT INTO ReportCreator (reportID, UserID) VALUES (12, 26);
INSERT INTO ReportCreator (reportID, UserID) VALUES (19, 6);
INSERT INTO ReportCreator (reportID, UserID) VALUES (21, 26);
INSERT INTO ReportCreator (reportID, UserID) VALUES (1, 15);
INSERT INTO ReportCreator (reportID, UserID) VALUES (1, 20);
INSERT INTO ReportCreator (reportID, UserID) VALUES (5, 22);
INSERT INTO ReportCreator (reportID, UserID) VALUES (16, 7);
INSERT INTO ReportCreator (reportID, UserID) VALUES (23, 38);
INSERT INTO ReportCreator (reportID, UserID) VALUES (27, 20);
INSERT INTO ReportCreator (reportID, UserID) VALUES (5, 20);
INSERT INTO ReportCreator (reportID, UserID) VALUES (21, 8);
INSERT INTO ReportCreator (reportID, UserID) VALUES (6, 13);
INSERT INTO ReportCreator (reportID, UserID) VALUES (10, 33);
INSERT INTO ReportCreator (reportID, UserID) VALUES (29, 9);
INSERT INTO ReportCreator (reportID, UserID) VALUES (13, 38);
INSERT INTO ReportCreator (reportID, UserID) VALUES (27, 3);
INSERT INTO ReportCreator (reportID, UserID) VALUES (10, 23);
INSERT INTO ReportCreator (reportID, UserID) VALUES (3, 7);
INSERT INTO ReportCreator (reportID, UserID) VALUES (5, 19);
INSERT INTO ReportCreator (reportID, UserID) VALUES (4, 27);
INSERT INTO ReportCreator (reportID, UserID) VALUES (25, 9);
INSERT INTO ReportCreator (reportID, UserID) VALUES (20, 2);
INSERT INTO ReportCreator (reportID, UserID) VALUES (10, 30);
INSERT INTO ReportCreator (reportID, UserID) VALUES (9, 16);
INSERT INTO ReportCreator (reportID, UserID) VALUES (14, 27);
INSERT INTO ReportCreator (reportID, UserID) VALUES (15, 1);
INSERT INTO ReportCreator (reportID, UserID) VALUES (29, 34);
INSERT INTO ReportCreator (reportID, UserID) VALUES (23, 10);
INSERT INTO ReportCreator (reportID, UserID) VALUES (2, 5);
INSERT INTO ReportCreator (reportID, UserID) VALUES (1, 6);
INSERT INTO ReportCreator (reportID, UserID) VALUES (3, 36);
INSERT INTO ReportCreator (reportID, UserID) VALUES (12, 17);
INSERT INTO ReportCreator (reportID, UserID) VALUES (13, 30);
INSERT INTO ReportCreator (reportID, UserID) VALUES (20, 34);
INSERT INTO ReportCreator (reportID, UserID) VALUES (2, 2);
INSERT INTO ReportCreator (reportID, UserID) VALUES (15, 19);
INSERT INTO ReportCreator (reportID, UserID) VALUES (13, 33);
INSERT INTO ReportCreator (reportID, UserID) VALUES (13, 16);
INSERT INTO ReportCreator (reportID, UserID) VALUES (20, 4);
INSERT INTO ReportCreator (reportID, UserID) VALUES (15, 18);
INSERT INTO ReportCreator (reportID, UserID) VALUES (5, 6);
INSERT INTO ReportCreator (reportID, UserID) VALUES (8, 39);
INSERT INTO ReportCreator (reportID, UserID) VALUES (17, 11);
INSERT INTO ReportCreator (reportID, UserID) VALUES (14, 14);
INSERT INTO ReportCreator (reportID, UserID) VALUES (22, 19);
INSERT INTO ReportCreator (reportID, UserID) VALUES (26, 35);
INSERT INTO ReportCreator (reportID, UserID) VALUES (28, 25);
INSERT INTO ReportCreator (reportID, UserID) VALUES (23, 7);
INSERT INTO ReportCreator (reportID, UserID) VALUES (12, 1);
INSERT INTO ReportCreator (reportID, UserID) VALUES (28, 1);
INSERT INTO ReportCreator (reportID, UserID) VALUES (10, 16);
INSERT INTO ReportCreator (reportID, UserID) VALUES (16, 15);
INSERT INTO ReportCreator (reportID, UserID) VALUES (23, 40);
INSERT INTO ReportCreator (reportID, UserID) VALUES (23, 14);
INSERT INTO ReportCreator (reportID, UserID) VALUES (25, 22);
INSERT INTO ReportCreator (reportID, UserID) VALUES (25, 7);
INSERT INTO ReportCreator (reportID, UserID) VALUES (14, 11);
INSERT INTO ReportCreator (reportID, UserID) VALUES (17, 4);
INSERT INTO ReportCreator (reportID, UserID) VALUES (16, 4);
INSERT INTO ReportCreator (reportID, UserID) VALUES (6, 6);
INSERT INTO ReportCreator (reportID, UserID) VALUES (20, 40);
INSERT INTO ReportCreator (reportID, UserID) VALUES (11, 15);
INSERT INTO ReportCreator (reportID, UserID) VALUES (19, 39);
INSERT INTO ReportCreator (reportID, UserID) VALUES (13, 18);
INSERT INTO ReportCreator (reportID, UserID) VALUES (19, 15);
INSERT INTO ReportCreator (reportID, UserID) VALUES (9, 21);
INSERT INTO ReportCreator (reportID, UserID) VALUES (11, 3);
INSERT INTO ReportCreator (reportID, UserID) VALUES (28, 37);
INSERT INTO ReportCreator (reportID, UserID) VALUES (29, 36);
INSERT INTO ReportCreator (reportID, UserID) VALUES (21, 29);
INSERT INTO ReportCreator (reportID, UserID) VALUES (11, 33);
INSERT INTO ReportCreator (reportID, UserID) VALUES (21, 39);
INSERT INTO ReportCreator (reportID, UserID) VALUES (18, 14);
INSERT INTO ReportCreator (reportID, UserID) VALUES (23, 34);
INSERT INTO ReportCreator (reportID, UserID) VALUES (10, 15);
INSERT INTO ReportCreator (reportID, UserID) VALUES (20, 25);
INSERT INTO ReportCreator (reportID, UserID) VALUES (22, 11);
INSERT INTO ReportCreator (reportID, UserID) VALUES (8, 15);
INSERT INTO ReportCreator (reportID, UserID) VALUES (16, 31);
INSERT INTO ReportCreator (reportID, UserID) VALUES (17, 5);
INSERT INTO ReportCreator (reportID, UserID) VALUES (6, 16);
INSERT INTO ReportCreator (reportID, UserID) VALUES (21, 10);
INSERT INTO ReportCreator (reportID, UserID) VALUES (7, 37);
INSERT INTO ReportCreator (reportID, UserID) VALUES (30, 26);
INSERT INTO ReportCreator (reportID, UserID) VALUES (4, 3);
INSERT INTO ReportCreator (reportID, UserID) VALUES (13, 39);
INSERT INTO ReportCreator (reportID, UserID) VALUES (3, 27);
INSERT INTO ReportCreator (reportID, UserID) VALUES (29, 17);
INSERT INTO ReportCreator (reportID, UserID) VALUES (25, 29);
INSERT INTO ReportCreator (reportID, UserID) VALUES (13, 1);
INSERT INTO ReportCreator (reportID, UserID) VALUES (2, 18);
INSERT INTO ReportCreator (reportID, UserID) VALUES (20, 6);
INSERT INTO ReportCreator (reportID, UserID) VALUES (9, 32);
INSERT INTO ReportCreator (reportID, UserID) VALUES (25, 34);
INSERT INTO ReportCreator (reportID, UserID) VALUES (19, 24);
INSERT INTO ReportCreator (reportID, UserID) VALUES (27, 25);
INSERT INTO ReportCreator (reportID, UserID) VALUES (29, 24);
INSERT INTO ReportCreator (reportID, UserID) VALUES (7, 25);
INSERT INTO ReportCreator (reportID, UserID) VALUES (11, 14);
INSERT INTO ReportCreator (reportID, UserID) VALUES (29, 2);
INSERT INTO ReportCreator (reportID, UserID) VALUES (5, 25);
INSERT INTO ReportCreator (reportID, UserID) VALUES (25, 6);
INSERT INTO ReportCreator (reportID, UserID) VALUES (13, 23);
INSERT INTO ReportCreator (reportID, UserID) VALUES (25, 12);
INSERT INTO ReportCreator (reportID, UserID) VALUES (9, 27);
INSERT INTO ReportCreator (reportID, UserID) VALUES (23, 36);
INSERT INTO ReportCreator (reportID, UserID) VALUES (12, 21);
INSERT INTO ReportCreator (reportID, UserID) VALUES (21, 40);
INSERT INTO ReportCreator (reportID, UserID) VALUES (15, 36);
INSERT INTO ReportCreator (reportID, UserID) VALUES (10, 17);
INSERT INTO ReportCreator (reportID, UserID) VALUES (17, 39);
INSERT INTO ReportCreator (reportID, UserID) VALUES (2, 16);

-- AnalystReport
INSERT INTO AnalystReport (analystID, reportID) VALUES (4, 4);
INSERT INTO AnalystReport (analystID, reportID) VALUES (3, 14);
INSERT INTO AnalystReport (analystID, reportID) VALUES (2, 26);
INSERT INTO AnalystReport (analystID, reportID) VALUES (1, 10);
INSERT INTO AnalystReport (analystID, reportID) VALUES (2, 22);
INSERT INTO AnalystReport (analystID, reportID) VALUES (1, 4);
INSERT INTO AnalystReport (analystID, reportID) VALUES (5, 29);
INSERT INTO AnalystReport (analystID, reportID) VALUES (5, 9);
INSERT INTO AnalystReport (analystID, reportID) VALUES (5, 25);
INSERT INTO AnalystReport (analystID, reportID) VALUES (5, 5);
INSERT INTO AnalystReport (analystID, reportID) VALUES (3, 24);
INSERT INTO AnalystReport (analystID, reportID) VALUES (3, 3);
INSERT INTO AnalystReport (analystID, reportID) VALUES (2, 13);
INSERT INTO AnalystReport (analystID, reportID) VALUES (1, 25);
INSERT INTO AnalystReport (analystID, reportID) VALUES (1, 22);
INSERT INTO AnalystReport (analystID, reportID) VALUES (3, 22);
INSERT INTO AnalystReport (analystID, reportID) VALUES (3, 23);
INSERT INTO AnalystReport (analystID, reportID) VALUES (1, 9);
INSERT INTO AnalystReport (analystID, reportID) VALUES (5, 1);
INSERT INTO AnalystReport (analystID, reportID) VALUES (3, 8);
INSERT INTO AnalystReport (analystID, reportID) VALUES (5, 8);
INSERT INTO AnalystReport (analystID, reportID) VALUES (5, 18);
INSERT INTO AnalystReport (analystID, reportID) VALUES (1, 5);
INSERT INTO AnalystReport (analystID, reportID) VALUES (5, 26);
INSERT INTO AnalystReport (analystID, reportID) VALUES (1, 30);
INSERT INTO AnalystReport (analystID, reportID) VALUES (1, 12);
INSERT INTO AnalystReport (analystID, reportID) VALUES (1, 7);
INSERT INTO AnalystReport (analystID, reportID) VALUES (3, 13);
INSERT INTO AnalystReport (analystID, reportID) VALUES (3, 26);
INSERT INTO AnalystReport (analystID, reportID) VALUES (4, 21);
INSERT INTO AnalystReport (analystID, reportID) VALUES (3, 6);
INSERT INTO AnalystReport (analystID, reportID) VALUES (5, 2);
INSERT INTO AnalystReport (analystID, reportID) VALUES (3, 15);
INSERT INTO AnalystReport (analystID, reportID) VALUES (4, 3);
INSERT INTO AnalystReport (analystID, reportID) VALUES (5, 16);
INSERT INTO AnalystReport (analystID, reportID) VALUES (1, 26);
INSERT INTO AnalystReport (analystID, reportID) VALUES (4, 10);
INSERT INTO AnalystReport (analystID, reportID) VALUES (1, 6);
INSERT INTO AnalystReport (analystID, reportID) VALUES (1, 15);

-- AnalystKPI
INSERT INTO AnalystKPI (analystID, kpiID) VALUES (1, 7);
INSERT INTO AnalystKPI (analystID, kpiID) VALUES (5, 7);
INSERT INTO AnalystKPI (analystID, kpiID) VALUES (4, 10);
INSERT INTO AnalystKPI (analystID, kpiID) VALUES (1, 1);
INSERT INTO AnalystKPI (analystID, kpiID) VALUES (5, 9);
INSERT INTO AnalystKPI (analystID, kpiID) VALUES (1, 5);
INSERT INTO AnalystKPI (analystID, kpiID) VALUES (1, 6);
INSERT INTO AnalystKPI (analystID, kpiID) VALUES (3, 1);
INSERT INTO AnalystKPI (analystID, kpiID) VALUES (5, 1);
INSERT INTO AnalystKPI (analystID, kpiID) VALUES (3, 4);
INSERT INTO AnalystKPI (analystID, kpiID) VALUES (5, 2);
INSERT INTO AnalystKPI (analystID, kpiID) VALUES (3, 7);
INSERT INTO AnalystKPI (analystID, kpiID) VALUES (2, 2);
INSERT INTO AnalystKPI (analystID, kpiID) VALUES (3, 2);
INSERT INTO AnalystKPI (analystID, kpiID) VALUES (4, 1);
INSERT INTO AnalystKPI (analystID, kpiID) VALUES (3, 3);
INSERT INTO AnalystKPI (analystID, kpiID) VALUES (1, 10);
INSERT INTO AnalystKPI (analystID, kpiID) VALUES (3, 9);
INSERT INTO AnalystKPI (analystID, kpiID) VALUES (3, 6);
INSERT INTO AnalystKPI (analystID, kpiID) VALUES (2, 5);
INSERT INTO AnalystKPI (analystID, kpiID) VALUES (4, 5);
INSERT INTO AnalystKPI (analystID, kpiID) VALUES (5, 6);
INSERT INTO AnalystKPI (analystID, kpiID) VALUES (5, 5);
INSERT INTO AnalystKPI (analystID, kpiID) VALUES (5, 10);
INSERT INTO AnalystKPI (analystID, kpiID) VALUES (4, 6);
INSERT INTO AnalystKPI (analystID, kpiID) VALUES (1, 9);

-- UserCollaboration
INSERT INTO UserCollaboration (UserID_main, UserID_partner, sinceDate, collaborationType) VALUES (9, 30, '2025-03-21', 'Occasional');
INSERT INTO UserCollaboration (UserID_main, UserID_partner, sinceDate, collaborationType) VALUES (11, 2, '2025-10-10', 'One-off');
INSERT INTO UserCollaboration (UserID_main, UserID_partner, sinceDate, collaborationType) VALUES (2, 37, '2025-03-02', 'Occasional');
INSERT INTO UserCollaboration (UserID_main, UserID_partner, sinceDate, collaborationType) VALUES (31, 24, '2025-02-10', 'Occasional');
INSERT INTO UserCollaboration (UserID_main, UserID_partner, sinceDate, collaborationType) VALUES (12, 5, '2025-06-15', 'Occasional');
INSERT INTO UserCollaboration (UserID_main, UserID_partner, sinceDate, collaborationType) VALUES (32, 37, '2025-01-30', 'Occasional');
INSERT INTO UserCollaboration (UserID_main, UserID_partner, sinceDate, collaborationType) VALUES (18, 34, '2024-12-04', 'One-off');
INSERT INTO UserCollaboration (UserID_main, UserID_partner, sinceDate, collaborationType) VALUES (4, 34, '2025-01-23', 'Occasional');
INSERT INTO UserCollaboration (UserID_main, UserID_partner, sinceDate, collaborationType) VALUES (24, 7, '2025-02-16', 'Frequent');
INSERT INTO UserCollaboration (UserID_main, UserID_partner, sinceDate, collaborationType) VALUES (15, 28, '2024-12-10', 'Occasional');
INSERT INTO UserCollaboration (UserID_main, UserID_partner, sinceDate, collaborationType) VALUES (23, 22, '2025-01-11', 'One-off');
INSERT INTO UserCollaboration (UserID_main, UserID_partner, sinceDate, collaborationType) VALUES (34, 35, '2025-02-15', 'One-off');
INSERT INTO UserCollaboration (UserID_main, UserID_partner, sinceDate, collaborationType) VALUES (19, 16, '2025-07-24', 'Frequent');
INSERT INTO UserCollaboration (UserID_main, UserID_partner, sinceDate, collaborationType) VALUES (5, 22, '2025-10-26', 'Occasional');
INSERT INTO UserCollaboration (UserID_main, UserID_partner, sinceDate, collaborationType) VALUES (24, 12, '2025-08-25', 'Frequent');
INSERT INTO UserCollaboration (UserID_main, UserID_partner, sinceDate, collaborationType) VALUES (17, 35, '2025-04-10', 'Occasional');
INSERT INTO UserCollaboration (UserID_main, UserID_partner, sinceDate, collaborationType) VALUES (37, 40, '2025-06-12', 'Frequent');
INSERT INTO UserCollaboration (UserID_main, UserID_partner, sinceDate, collaborationType) VALUES (35, 20, '2025-03-10', 'One-off');
INSERT INTO UserCollaboration (UserID_main, UserID_partner, sinceDate, collaborationType) VALUES (25, 31, '2025-04-27', 'Frequent');
INSERT INTO UserCollaboration (UserID_main, UserID_partner, sinceDate, collaborationType) VALUES (28, 22, '2025-09-21', 'Occasional');
INSERT INTO UserCollaboration (UserID_main, UserID_partner, sinceDate, collaborationType) VALUES (3, 38, '2025-01-15', 'Frequent');
INSERT INTO UserCollaboration (UserID_main, UserID_partner, sinceDate, collaborationType) VALUES (27, 6, '2025-09-12', 'Occasional');
INSERT INTO UserCollaboration (UserID_main, UserID_partner, sinceDate, collaborationType) VALUES (1, 3, '2025-02-09', 'Occasional');
INSERT INTO UserCollaboration (UserID_main, UserID_partner, sinceDate, collaborationType) VALUES (26, 38, '2025-01-10', 'Frequent');
INSERT INTO UserCollaboration (UserID_main, UserID_partner, sinceDate, collaborationType) VALUES (30, 2, '2025-04-18', 'One-off');
INSERT INTO UserCollaboration (UserID_main, UserID_partner, sinceDate, collaborationType) VALUES (30, 31, '2025-10-11', 'Occasional');
INSERT INTO UserCollaboration (UserID_main, UserID_partner, sinceDate, collaborationType) VALUES (38, 29, '2025-07-06', 'Frequent');
INSERT INTO UserCollaboration (UserID_main, UserID_partner, sinceDate, collaborationType) VALUES (36, 6, '2025-01-05', 'Frequent');
INSERT INTO UserCollaboration (UserID_main, UserID_partner, sinceDate, collaborationType) VALUES (21, 29, '2025-07-29', 'Frequent');
INSERT INTO UserCollaboration (UserID_main, UserID_partner, sinceDate, collaborationType) VALUES (7, 17, '2024-12-13', 'Frequent');
INSERT INTO UserCollaboration (UserID_main, UserID_partner, sinceDate, collaborationType) VALUES (33, 13, '2025-05-07', 'One-off');
INSERT INTO UserCollaboration (UserID_main, UserID_partner, sinceDate, collaborationType) VALUES (33, 23, '2025-09-21', 'Frequent');
INSERT INTO UserCollaboration (UserID_main, UserID_partner, sinceDate, collaborationType) VALUES (4, 38, '2025-01-07', 'One-off');
INSERT INTO UserCollaboration (UserID_main, UserID_partner, sinceDate, collaborationType) VALUES (31, 7, '2025-07-31', 'Occasional');
INSERT INTO UserCollaboration (UserID_main, UserID_partner, sinceDate, collaborationType) VALUES (15, 34, '2025-06-22', 'One-off');
INSERT INTO UserCollaboration (UserID_main, UserID_partner, sinceDate, collaborationType) VALUES (16, 34, '2025-08-08', 'Occasional');
INSERT INTO UserCollaboration (UserID_main, UserID_partner, sinceDate, collaborationType) VALUES (22, 12, '2025-04-15', 'One-off');
INSERT INTO UserCollaboration (UserID_main, UserID_partner, sinceDate, collaborationType) VALUES (11, 14, '2025-09-04', 'One-off');
INSERT INTO UserCollaboration (UserID_main, UserID_partner, sinceDate, collaborationType) VALUES (13, 9, '2025-04-06', 'Occasional');
INSERT INTO UserCollaboration (UserID_main, UserID_partner, sinceDate, collaborationType) VALUES (23, 34, '2025-06-22', 'One-off');
INSERT INTO UserCollaboration (UserID_main, UserID_partner, sinceDate, collaborationType) VALUES (36, 40, '2025-03-31', 'One-off');
INSERT INTO UserCollaboration (UserID_main, UserID_partner, sinceDate, collaborationType) VALUES (29, 27, '2024-12-25', 'Occasional');
INSERT INTO UserCollaboration (UserID_main, UserID_partner, sinceDate, collaborationType) VALUES (16, 39, '2025-07-04', 'One-off');
INSERT INTO UserCollaboration (UserID_main, UserID_partner, sinceDate, collaborationType) VALUES (39, 12, '2025-07-14', 'One-off');
INSERT INTO UserCollaboration (UserID_main, UserID_partner, sinceDate, collaborationType) VALUES (38, 28, '2025-02-08', 'Occasional');
INSERT INTO UserCollaboration (UserID_main, UserID_partner, sinceDate, collaborationType) VALUES (27, 35, '2025-05-24', 'One-off');
INSERT INTO UserCollaboration (UserID_main, UserID_partner, sinceDate, collaborationType) VALUES (8, 27, '2025-01-19', 'Occasional');
INSERT INTO UserCollaboration (UserID_main, UserID_partner, sinceDate, collaborationType) VALUES (31, 10, '2025-05-18', 'One-off');
INSERT INTO UserCollaboration (UserID_main, UserID_partner, sinceDate, collaborationType) VALUES (12, 32, '2025-02-19', 'Occasional');
INSERT INTO UserCollaboration (UserID_main, UserID_partner, sinceDate, collaborationType) VALUES (22, 8, '2025-09-02', 'One-off');
INSERT INTO UserCollaboration (UserID_main, UserID_partner, sinceDate, collaborationType) VALUES (6, 19, '2025-04-20', 'Occasional');
INSERT INTO UserCollaboration (UserID_main, UserID_partner, sinceDate, collaborationType) VALUES (26, 39, '2025-06-20', 'One-off');
INSERT INTO UserCollaboration (UserID_main, UserID_partner, sinceDate, collaborationType) VALUES (7, 19, '2025-07-15', 'Occasional');
INSERT INTO UserCollaboration (UserID_main, UserID_partner, sinceDate, collaborationType) VALUES (24, 21, '2025-05-05', 'One-off');
INSERT INTO UserCollaboration (UserID_main, UserID_partner, sinceDate, collaborationType) VALUES (2, 13, '2025-08-17', 'Occasional');
INSERT INTO UserCollaboration (UserID_main, UserID_partner, sinceDate, collaborationType) VALUES (23, 27, '2025-07-24', 'Occasional');
INSERT INTO UserCollaboration (UserID_main, UserID_partner, sinceDate, collaborationType) VALUES (20, 35, '2025-04-08', 'Frequent');
INSERT INTO UserCollaboration (UserID_main, UserID_partner, sinceDate, collaborationType) VALUES (8, 19, '2025-04-26', 'One-off');
INSERT INTO UserCollaboration (UserID_main, UserID_partner, sinceDate, collaborationType) VALUES (35, 31, '2025-05-11', 'Frequent');
INSERT INTO UserCollaboration (UserID_main, UserID_partner, sinceDate, collaborationType) VALUES (1, 31, '2025-06-02', 'One-off');
INSERT INTO UserCollaboration (UserID_main, UserID_partner, sinceDate, collaborationType) VALUES (14, 33, '2025-07-19', 'One-off');
INSERT INTO UserCollaboration (UserID_main, UserID_partner, sinceDate, collaborationType) VALUES (29, 19, '2025-03-18', 'One-off');
INSERT INTO UserCollaboration (UserID_main, UserID_partner, sinceDate, collaborationType) VALUES (8, 23, '2025-02-11', 'One-off');
INSERT INTO UserCollaboration (UserID_main, UserID_partner, sinceDate, collaborationType) VALUES (5, 18, '2024-12-31', 'Occasional');
INSERT INTO UserCollaboration (UserID_main, UserID_partner, sinceDate, collaborationType) VALUES (37, 8, '2025-02-02', 'Frequent');
INSERT INTO UserCollaboration (UserID_main, UserID_partner, sinceDate, collaborationType) VALUES (23, 8, '2025-04-20', 'One-off');
INSERT INTO UserCollaboration (UserID_main, UserID_partner, sinceDate, collaborationType) VALUES (21, 38, '2025-06-27', 'One-off');
INSERT INTO UserCollaboration (UserID_main, UserID_partner, sinceDate, collaborationType) VALUES (18, 22, '2025-08-30', 'Occasional');
INSERT INTO UserCollaboration (UserID_main, UserID_partner, sinceDate, collaborationType) VALUES (25, 9, '2025-08-02', 'Frequent');
INSERT INTO UserCollaboration (UserID_main, UserID_partner, sinceDate, collaborationType) VALUES (29, 21, '2025-02-17', 'Occasional');
INSERT INTO UserCollaboration (UserID_main, UserID_partner, sinceDate, collaborationType) VALUES (27, 15, '2025-05-23', 'Frequent');
INSERT INTO UserCollaboration (UserID_main, UserID_partner, sinceDate, collaborationType) VALUES (27, 29, '2025-06-17', 'Occasional');
INSERT INTO UserCollaboration (UserID_main, UserID_partner, sinceDate, collaborationType) VALUES (17, 20, '2025-05-19', 'One-off');
INSERT INTO UserCollaboration (UserID_main, UserID_partner, sinceDate, collaborationType) VALUES (6, 7, '2025-08-06', 'Frequent');
INSERT INTO UserCollaboration (UserID_main, UserID_partner, sinceDate, collaborationType) VALUES (7, 36, '2025-08-22', 'One-off');
INSERT INTO UserCollaboration (UserID_main, UserID_partner, sinceDate, collaborationType) VALUES (10, 5, '2025-03-12', 'Frequent');
INSERT INTO UserCollaboration (UserID_main, UserID_partner, sinceDate, collaborationType) VALUES (6, 35, '2025-07-06', 'Occasional');
INSERT INTO UserCollaboration (UserID_main, UserID_partner, sinceDate, collaborationType) VALUES (38, 32, '2025-03-14', 'Occasional');
INSERT INTO UserCollaboration (UserID_main, UserID_partner, sinceDate, collaborationType) VALUES (29, 39, '2025-04-30', 'One-off');
INSERT INTO UserCollaboration (UserID_main, UserID_partner, sinceDate, collaborationType) VALUES (12, 9, '2025-01-25', 'One-off');
INSERT INTO UserCollaboration (UserID_main, UserID_partner, sinceDate, collaborationType) VALUES (32, 10, '2025-03-02', 'Frequent');
INSERT INTO UserCollaboration (UserID_main, UserID_partner, sinceDate, collaborationType) VALUES (11, 10, '2025-01-21', 'Occasional');
INSERT INTO UserCollaboration (UserID_main, UserID_partner, sinceDate, collaborationType) VALUES (27, 38, '2025-02-04', 'Frequent');
INSERT INTO UserCollaboration (UserID_main, UserID_partner, sinceDate, collaborationType) VALUES (14, 35, '2025-03-11', 'One-off');
INSERT INTO UserCollaboration (UserID_main, UserID_partner, sinceDate, collaborationType) VALUES (29, 37, '2025-11-02', 'Occasional');
INSERT INTO UserCollaboration (UserID_main, UserID_partner, sinceDate, collaborationType) VALUES (25, 19, '2025-06-22', 'Occasional');
INSERT INTO UserCollaboration (UserID_main, UserID_partner, sinceDate, collaborationType) VALUES (18, 24, '2025-05-17', 'Frequent');
INSERT INTO UserCollaboration (UserID_main, UserID_partner, sinceDate, collaborationType) VALUES (34, 25, '2025-10-17', 'Occasional');
INSERT INTO UserCollaboration (UserID_main, UserID_partner, sinceDate, collaborationType) VALUES (15, 9, '2025-03-19', 'Occasional');
INSERT INTO UserCollaboration (UserID_main, UserID_partner, sinceDate, collaborationType) VALUES (3, 18, '2025-01-16', 'Occasional');
INSERT INTO UserCollaboration (UserID_main, UserID_partner, sinceDate, collaborationType) VALUES (1, 4, '2025-09-06', 'Occasional');
INSERT INTO UserCollaboration (UserID_main, UserID_partner, sinceDate, collaborationType) VALUES (13, 8, '2025-09-15', 'Occasional');
INSERT INTO UserCollaboration (UserID_main, UserID_partner, sinceDate, collaborationType) VALUES (22, 10, '2025-09-14', 'Frequent');
INSERT INTO UserCollaboration (UserID_main, UserID_partner, sinceDate, collaborationType) VALUES (15, 8, '2025-03-29', 'Frequent');
INSERT INTO UserCollaboration (UserID_main, UserID_partner, sinceDate, collaborationType) VALUES (19, 24, '2025-06-27', 'One-off');
INSERT INTO UserCollaboration (UserID_main, UserID_partner, sinceDate, collaborationType) VALUES (6, 2, '2025-07-12', 'One-off');
INSERT INTO UserCollaboration (UserID_main, UserID_partner, sinceDate, collaborationType) VALUES (16, 5, '2025-05-06', 'Frequent');
INSERT INTO UserCollaboration (UserID_main, UserID_partner, sinceDate, collaborationType) VALUES (3, 15, '2025-02-14', 'Occasional');
INSERT INTO UserCollaboration (UserID_main, UserID_partner, sinceDate, collaborationType) VALUES (21, 25, '2025-04-26', 'Occasional');
INSERT INTO UserCollaboration (UserID_main, UserID_partner, sinceDate, collaborationType) VALUES (22, 4, '2025-09-17', 'Frequent');
INSERT INTO UserCollaboration (UserID_main, UserID_partner, sinceDate, collaborationType) VALUES (5, 12, '2025-01-13', 'Occasional');
INSERT INTO UserCollaboration (UserID_main, UserID_partner, sinceDate, collaborationType) VALUES (12, 40, '2025-01-10', 'Frequent');
INSERT INTO UserCollaboration (UserID_main, UserID_partner, sinceDate, collaborationType) VALUES (20, 23, '2025-01-28', 'Frequent');
INSERT INTO UserCollaboration (UserID_main, UserID_partner, sinceDate, collaborationType) VALUES (4, 5, '2025-07-17', 'Occasional');
INSERT INTO UserCollaboration (UserID_main, UserID_partner, sinceDate, collaborationType) VALUES (32, 39, '2025-03-15', 'One-off');
INSERT INTO UserCollaboration (UserID_main, UserID_partner, sinceDate, collaborationType) VALUES (25, 40, '2025-08-30', 'Occasional');
INSERT INTO UserCollaboration (UserID_main, UserID_partner, sinceDate, collaborationType) VALUES (10, 22, '2025-05-13', 'Occasional');
INSERT INTO UserCollaboration (UserID_main, UserID_partner, sinceDate, collaborationType) VALUES (7, 24, '2025-04-21', 'One-off');
INSERT INTO UserCollaboration (UserID_main, UserID_partner, sinceDate, collaborationType) VALUES (1, 14, '2025-01-08', 'Frequent');
INSERT INTO UserCollaboration (UserID_main, UserID_partner, sinceDate, collaborationType) VALUES (38, 8, '2025-09-14', 'One-off');
INSERT INTO UserCollaboration (UserID_main, UserID_partner, sinceDate, collaborationType) VALUES (9, 38, '2025-09-07', 'Frequent');
INSERT INTO UserCollaboration (UserID_main, UserID_partner, sinceDate, collaborationType) VALUES (31, 38, '2025-02-10', 'Frequent');
INSERT INTO UserCollaboration (UserID_main, UserID_partner, sinceDate, collaborationType) VALUES (31, 28, '2025-05-22', 'Occasional');
INSERT INTO UserCollaboration (UserID_main, UserID_partner, sinceDate, collaborationType) VALUES (9, 25, '2025-10-26', 'One-off');
INSERT INTO UserCollaboration (UserID_main, UserID_partner, sinceDate, collaborationType) VALUES (25, 32, '2025-03-07', 'One-off');
INSERT INTO UserCollaboration (UserID_main, UserID_partner, sinceDate, collaborationType) VALUES (20, 9, '2025-07-10', 'One-off');
INSERT INTO UserCollaboration (UserID_main, UserID_partner, sinceDate, collaborationType) VALUES (28, 29, '2025-05-22', 'Frequent');
INSERT INTO UserCollaboration (UserID_main, UserID_partner, sinceDate, collaborationType) VALUES (19, 29, '2025-07-09', 'One-off');
INSERT INTO UserCollaboration (UserID_main, UserID_partner, sinceDate, collaborationType) VALUES (27, 7, '2025-01-31', 'One-off');
INSERT INTO UserCollaboration (UserID_main, UserID_partner, sinceDate, collaborationType) VALUES (26, 1, '2024-12-07', 'Occasional');
INSERT INTO UserCollaboration (UserID_main, UserID_partner, sinceDate, collaborationType) VALUES (3, 20, '2025-01-19', 'Occasional');
INSERT INTO UserCollaboration (UserID_main, UserID_partner, sinceDate, collaborationType) VALUES (30, 9, '2024-12-27', 'One-off');
INSERT INTO UserCollaboration (UserID_main, UserID_partner, sinceDate, collaborationType) VALUES (13, 18, '2025-02-14', 'Frequent');
INSERT INTO UserCollaboration (UserID_main, UserID_partner, sinceDate, collaborationType) VALUES (24, 25, '2025-02-20', 'Occasional');
INSERT INTO UserCollaboration (UserID_main, UserID_partner, sinceDate, collaborationType) VALUES (3, 31, '2025-06-20', 'Occasional');
INSERT INTO UserCollaboration (UserID_main, UserID_partner, sinceDate, collaborationType) VALUES (30, 8, '2025-05-05', 'Occasional');
INSERT INTO UserCollaboration (UserID_main, UserID_partner, sinceDate, collaborationType) VALUES (7, 2, '2025-04-27', 'One-off');
INSERT INTO UserCollaboration (UserID_main, UserID_partner, sinceDate, collaborationType) VALUES (27, 30, '2024-12-14', 'One-off');
INSERT INTO UserCollaboration (UserID_main, UserID_partner, sinceDate, collaborationType) VALUES (35, 21, '2025-05-09', 'Occasional');
INSERT INTO UserCollaboration (UserID_main, UserID_partner, sinceDate, collaborationType) VALUES (6, 39, '2024-12-08', 'Frequent');
INSERT INTO UserCollaboration (UserID_main, UserID_partner, sinceDate, collaborationType) VALUES (18, 26, '2025-09-09', 'Occasional');
INSERT INTO UserCollaboration (UserID_main, UserID_partner, sinceDate, collaborationType) VALUES (20, 40, '2025-05-17', 'Frequent');
INSERT INTO UserCollaboration (UserID_main, UserID_partner, sinceDate, collaborationType) VALUES (5, 38, '2025-07-21', 'Frequent');
INSERT INTO UserCollaboration (UserID_main, UserID_partner, sinceDate, collaborationType) VALUES (12, 38, '2025-06-20', 'Occasional');
INSERT INTO UserCollaboration (UserID_main, UserID_partner, sinceDate, collaborationType) VALUES (16, 1, '2025-09-09', 'Occasional');
INSERT INTO UserCollaboration (UserID_main, UserID_partner, sinceDate, collaborationType) VALUES (39, 7, '2024-12-10', 'Frequent');
INSERT INTO UserCollaboration (UserID_main, UserID_partner, sinceDate, collaborationType) VALUES (4, 32, '2024-12-12', 'Frequent');
INSERT INTO UserCollaboration (UserID_main, UserID_partner, sinceDate, collaborationType) VALUES (7, 30, '2025-04-05', 'Frequent');
INSERT INTO UserCollaboration (UserID_main, UserID_partner, sinceDate, collaborationType) VALUES (36, 7, '2025-06-25', 'Frequent');
INSERT INTO UserCollaboration (UserID_main, UserID_partner, sinceDate, collaborationType) VALUES (25, 4, '2025-07-12', 'Occasional');
INSERT INTO UserCollaboration (UserID_main, UserID_partner, sinceDate, collaborationType) VALUES (11, 37, '2025-04-16', 'Frequent');
INSERT INTO UserCollaboration (UserID_main, UserID_partner, sinceDate, collaborationType) VALUES (15, 24, '2025-07-19', 'Occasional');
INSERT INTO UserCollaboration (UserID_main, UserID_partner, sinceDate, collaborationType) VALUES (34, 21, '2025-10-05', 'Occasional');
INSERT INTO UserCollaboration (UserID_main, UserID_partner, sinceDate, collaborationType) VALUES (31, 34, '2025-07-02', 'Occasional');
INSERT INTO UserCollaboration (UserID_main, UserID_partner, sinceDate, collaborationType) VALUES (36, 3, '2025-04-26', 'Frequent');